timestamp_sec,x,y
0.0,-0.7755133421645269,1.0660707986658222
0.18728995323181152,-0.7728592812523867,1.0630224848082064
0.3748137950897217,-0.7708661885655222,1.0601273185931432
0.6551463603973389,-0.7684484530884154,1.056481599410385
0.8436646461486816,-0.7675132024257164,1.0541711427104095
1.0310118198394775,-0.7671326862623832,1.0534485303055143
1.2186481952667236,-0.7681900785249793,1.0552515948273773
1.4060215950012207,-0.7674739339343363,1.055251102275844
1.593571662902832,-0.7663795088179202,1.0553329642047087
1.7810187339782715,-0.7646745507160683,1.0547261083388195
2.06144642829895,-0.7596226469026671,1.0532672336647102
2.249802350997925,-0.7571675213021662,1.0521134890405774
2.4376564025878906,-0.7546153557887239,1.0505627396209296
2.6248373985290527,-0.7528247895266769,1.0482104577948859
2.8124146461486816,-0.7501867270244598,1.0462608883512525
2.9999465942382812,-0.7485190996615317,1.0435286923508746
3.1876707077026367,-0.7449862518589322,1.0438769528563219
3.467686891555786,-0.7393173409247493,1.050469435445674
3.6560757160186768,-0.736593516471968,1.0473119535901039
3.843662738800049,-0.7353212502045071,1.0489490794001317
4.031139850616455,-0.7331571906334918,1.04781943862121
4.218559741973877,-0.7315582705542941,1.0489515237141787
4.406192064285278,-0.7310248021137167,1.0488905929137229
4.593591213226318,-0.7310423742444808,1.0495440129438292
4.8739447593688965,-0.7295856888649026,1.0502731909903689
5.062324523925781,-0.7287155008356686,1.0512138062660694
5.2499284744262695,-0.7287192719760771,1.0517141825209353
5.437356472015381,-0.7286488459113114,1.0518596959057285
5.624881744384766,-0.7284380786746253,1.0513186446585596
5.812374114990234,-0.725747565219832,1.0497233148109808
5.999820232391357,-0.7234289514850477,1.049045678585696
6.280123710632324,-0.7206228270718612,1.045342725537257
6.468936204910278,-0.7195117405493298,1.0440687133567765
6.656147480010986,-0.7196377660706533,1.0421393008883573
6.8437111377716064,-0.7192451129848074,1.0404642114460845
7.031219005584717,-0.7186252248273234,1.0409710721012542
7.218590021133423,-0.7176034287459283,1.0413443881271527
7.406161308288574,-0.7182475010275484,1.0414098689896694
7.686511993408203,-0.7172507263654546,1.039570031268505
7.874851703643799,-0.7175048886180305,1.0395315204361166
8.062549591064453,-0.7174565906423324,1.0400669374317721
8.249896764755249,-0.7188902073880494,1.0387398018051595
8.43747091293335,-0.7196541995463075,1.0381963598589503
8.718652725219727,-0.7189947266409576,1.0361929551047466
8.999321460723877,-0.7201414074006746,1.0384888483076269
9.280383586883545,-0.7200340359704697,1.035911474201596
9.468645334243774,-0.7210121320442316,1.0353237584046047
9.656281232833862,-0.7195051028671321,1.0339978028192607
9.846729755401611,-0.7185027193798414,1.0320825028774592
10.031257629394531,-0.7188407247554883,1.0332666135736055
10.313546180725098,-0.7174551376275716,1.0316652434145905
10.592788696289062,-0.7183425795699642,1.030100822269408
10.781201362609863,-0.7188270469831903,1.0310458903899669
10.968822240829468,-0.7167903022130996,1.0298303252805623
11.156210660934448,-0.7178134309710331,1.0309451121141633
11.343802213668823,-0.7212143238827332,1.0295188911229514
11.624255180358887,-0.7241285388185956,1.0306159048834191
11.905149936676025,-0.7283972012499523,1.0525736397435936
12.093687295913696,-0.7302453415683472,1.087451640284466
12.281208515167236,-0.7303639277622053,1.1258599212888583
12.468804597854614,-0.7385111706170906,1.164178313982452
12.656271934509277,-0.7480823393304953,1.2041165197946173
12.936914443969727,-0.7640627931105888,1.2610538286846564
13.2177574634552,-0.7902505980025705,1.3196038899292035
13.406236171722412,-0.8115648528353611,1.3619858105246294
13.593820095062256,-0.8339410328081172,1.402344997821414
13.781364440917969,-0.8590004786009574,1.4466820893730477
13.974199533462524,-0.882380169988697,1.4968646311250113
14.248925924301147,-0.9209850254044343,1.570407197177038
14.437700510025024,-0.9499427294656875,1.6244722343728106
14.624935865402222,-0.978262519633812,1.6754585612768456
14.812553882598877,-1.0117626194477747,1.726365210972299
15.000123739242554,-1.0453186085966986,1.7775815545763256
15.187502145767212,-1.0758732884364153,1.832735478528408
15.374980449676514,-1.1050769029270533,1.889902346514016
15.655397176742554,-1.1517976290252494,1.9718530914431323
15.843712329864502,-1.1857402780173913,2.0280019164042824
16.03126311302185,-1.2192946027327014,2.085097817529097
16.218787908554077,-1.2546028504999922,2.1425584434275557
16.40627884864807,-1.2898532945319223,2.1980012413999868
16.593788623809814,-1.3234931027620873,2.2535938305006527
16.78121829032898,-1.3607007554110802,2.3101830826819683
17.061508655548096,-1.4128987567846685,2.393029787489275
17.250063180923462,-1.446521663216719,2.4481922778320735
17.437599420547485,-1.4809725294754574,2.503837816908836
17.625164270401,-1.5135725441811438,2.560388638505829
17.814236164093018,-1.547608317807539,2.6203677655842736
18.000054121017456,-1.5804996439722365,2.6777401557656813
18.187558889389038,-1.614047320903985,2.735557443538738
18.46790599822998,-1.6642758100399377,2.8247178173136156
18.656255960464478,-1.6972055193957498,2.887154344560446
18.84380865097046,-1.7286076302498679,2.951374151089119
19.0313138961792,-1.7612595976771488,3.0128489632761446
19.218976497650146,-1.7929786909667205,3.074181464959605
19.406303882598877,-1.8244721072397818,3.1356406337536207
19.59391951560974,-1.8542056302092575,3.198411838258128
19.87412142753601,-1.9012106704157503,3.289976881422955
20.062544584274292,-1.9303884369337865,3.349960384771699
20.25018858909607,-1.9604032275020957,3.4105651199585663
20.437689781188965,-1.9903055668353993,3.4696464269878415
20.625022888183594,-2.017407804110014,3.5310136563746624
20.81271243095398,-2.047206054388426,3.5923437623849783
21.000200986862183,-2.076838293109069,3.6551673153519437
21.28044581413269,-2.122168683990116,3.745975654328284
21.468899488449097,-2.154398774617768,3.8076113848866187
21.65652084350586,-2.1848141028078705,3.8667080729263636
21.84478735923767,-2.2161196484656274,3.923161825440793
22.036770343780518,-2.2468906409670275,3.9816892973436984
22.218827962875366,-2.2763348375022754,4.034491046741434
22.406446933746338,-2.3090255787833818,4.086711519248283
22.686781883239746,-2.3581213521128164,4.166778547230752
22.875195026397705,-2.3932342465127805,4.220368090301596
23.06262707710266,-2.4297488206272724,4.276860961521746
23.250192403793335,-2.4650927483474505,4.328793985178468
23.43759560585022,-2.5041007642425885,4.386092197122472
23.718888998031616,-2.5562842806377484,4.465512601832187
23.999321222305298,-2.608698928190976,4.544438701847334
24.187578201293945,-2.6440809828219307,4.595812611616194
24.37522029876709,-2.6800974907636004,4.64502337100444
24.56268000602722,-2.7172600462386582,4.692299315561096
24.75013828277588,-2.7552027019548446,4.737719884625717
24.93771266937256,-2.793281514820478,4.786764749681464
25.12508988380432,-2.8317907115332264,4.833549155988242
25.405475616455078,-2.8870385447029068,4.907745109406179
25.59379243850708,-2.924234022465895,4.95770364431964
25.781414270401,-2.961901370897976,5.005836813504558
25.96883511543274,-3.0004014761371947,5.051097511528699
26.156524419784546,-3.036613198647333,5.097260339850565
26.343860149383545,-3.073584329985891,5.143940172863475
26.531537532806396,-3.1081421769481707,5.192231146305756
26.811801195144653,-3.157318162329349,5.264523239050882
27.001965045928955,-3.185248618052351,5.314247289141645
27.187790155410767,-3.2111120303672056,5.360415341944593
27.380648851394653,-3.2391141400436783,5.410194641885054
27.562936782836914,-3.2664615273575635,5.457273560660559
27.750237464904785,-3.2904482128017998,5.505145194457763
27.937657117843628,-3.3137929454883737,5.551504363466559
28.218010902404785,-3.350926920986207,5.622138892339115
28.406305074691772,-3.380346563708955,5.676582781550191
28.594167709350586,-3.4103629057523097,5.729499169843775
28.781473398208618,-3.4415114166012017,5.785605557136039
28.96896195411682,-3.474321386665935,5.8407138235617815
29.15640640258789,-3.5116556055051906,5.891540307740271
29.343955755233765,-3.549283654516353,5.943770849736463
29.624330043792725,-3.6083754993064936,6.021222272354702
29.812644720077515,-3.642631482887916,6.069280421228317
30.000376224517822,-3.678363296199337,6.1136029607321625
30.1878023147583,-3.7156924463591454,6.157818080110845
30.375194311141968,-3.7546331945673255,6.20017633115996
30.562686920166016,-3.7940157302693787,6.239349886446614
30.750174283981323,-3.8334862714534883,6.277550777569332
31.030645608901978,-3.8974701167797123,6.3346965332614875
31.219006299972534,-3.9419748508807664,6.37544037138801
31.406491994857788,-3.9848664814853074,6.412154898123087
31.59391474723816,-4.028429007585523,6.445822580035952
31.781506776809692,-4.07123949384966,6.477799417133157
31.968976736068726,-4.117924839200177,6.5109204249552075
32.15642547607422,-4.162838755703029,6.54347317540758
32.4368417263031,-4.234685377806047,6.595340950792973
32.625179290771484,-4.2748915176322155,6.634033748839131
32.81282424926758,-4.317725495665279,6.675846398249559
33.000380754470825,-4.361163376031873,6.715406958807155
33.18779444694519,-4.401881793380168,6.751903929366336
33.375319957733154,-4.439880967334529,6.790319270456969
33.562908411026,-4.473832895573322,6.83109415127989
33.843053579330444,-4.524640793238785,6.893391098295479
34.03201627731323,-4.558976503447656,6.934337232253019
34.21895456314087,-4.592895481061594,6.974602869778345
34.40646004676819,-4.623864170851782,7.015027946624291
34.594040632247925,-4.659039076998731,7.055958740972306
34.78151822090149,-4.69437393540947,7.100094257878193
34.96906566619873,-4.729598718179844,7.144404492479304
35.249401569366455,-4.78570314607751,7.2100813144376605
35.437681436538696,-4.82112122774509,7.270106853119485
35.62541103363037,-4.851539841416376,7.33854840376133
35.81281065940857,-4.885337050391086,7.384107663976912
36.00045371055603,-4.913066393568992,7.448720027596308
36.187941551208496,-4.943318151983759,7.496677035935949
36.3752863407135,-4.974108694450396,7.545015687041312
36.65563702583313,-5.022754688270212,7.615975649890194
36.84401345252991,-5.05699947938005,7.671322839132274
37.03164577484131,-5.09148840508064,7.715076455974008
37.219008684158325,-5.126637318471808,7.750037189060202
37.4066379070282,-5.157505376585511,7.805371434284938
37.59402775764465,-5.190650618536235,7.847823613544059
37.78162860870361,-5.22526080142637,7.88636376678609
38.06188464164734,-5.272124093718281,7.9607183405688735
38.25029969215393,-5.301187960059198,8.035770655505708
38.43807077407837,-5.33515175069119,8.08997605951557
38.62527847290039,-5.3654118064724035,8.142408033642367
38.817487955093384,-5.399328079772816,8.194349607612303
39.00043535232544,-5.43025567484974,8.240844366068705
39.187812089920044,-5.462387317371063,8.290115555511674
39.46827054023743,-5.510439964063623,8.358815591376995
39.65648436546326,-5.544024505767935,8.409494197664008
39.84481954574585,-5.579726555890462,8.459968207809721
40.03161430358887,-5.614028045186383,8.51093731370437
40.21919322013855,-5.6469544803610106,8.561810510120972
40.40662169456482,-5.681391551277846,8.611574723478212
40.59417390823364,-5.7169785281808885,8.654746967361412
40.874574422836304,-5.775852164450309,8.708608721939486
41.06271147727966,-5.816022068806348,8.740042995090588
41.25040888786316,-5.860418441386279,8.77183765744076
41.437880754470825,-5.90464921837196,8.801909799796455
41.62535381317139,-5.9484315418010825,8.831075371637334
41.8129141330719,-5.995137429421385,8.858974599880625
42.006006717681885,-6.044550227937364,8.89467547010487
42.28137731552124,-6.1144787589345135,8.948217218774293
42.469202756881714,-6.1500966361171026,8.975688095258263
42.65677762031555,-6.179968684705208,8.998312894445268
42.84970259666443,-6.22389426340281,9.027245905059807
43.03167963027954,-6.258697363807228,9.059151318245492
43.21913027763367,-6.298961239485132,9.094470994455811
43.406744718551636,-6.341978109303754,9.128234665558336
43.68704342842102,-6.410979068559163,9.177845231274578
43.87527084350586,-6.451659798634346,9.214402900026265
44.062968254089355,-6.488114415112605,9.24983457773197
44.25037121772766,-6.5156566229047606,9.271442460208222
44.43803095817566,-6.536365239990423,9.287403424154475
44.62539029121399,-6.557097742110396,9.300657323594406
44.812845945358276,-6.572922442235051,9.313473099931022
45.09330701828003,-6.603090215909787,9.33792577652617
45.281673192977905,-6.635844433321696,9.370862153381923
45.46914052963257,-6.670183368950064,9.406185758070972
45.65662980079651,-6.7068062084137265,9.438989057684324
45.844107151031494,-6.743199301222477,9.473666742302882
46.03163146972656,-6.7732165189406155,9.507630689844303
46.21919369697571,-6.794674225374949,9.528496774159828
46.49970054626465,-6.815901073960294,9.545712819068658
46.6879985332489,-6.829294812173796,9.555119055438514
46.87554407119751,-6.837424765897221,9.561866718219633
47.06292200088501,-6.846807592486286,9.57318050678942
47.250471353530884,-6.852590164067014,9.583509632069864
47.43796372413635,-6.859607475072226,9.591400000892705
47.81199383735657,-6.883966975264757,9.604721020567352
48.00038719177246,-6.888899144334644,9.609975836736751
48.18806982040405,-6.89529387533508,9.617921384003779
48.37547755241394,-6.897938307804601,9.624097097011822
48.56298351287842,-6.904150533087341,9.62699677979902
48.75045132637024,-6.91347238405233,9.625007824045545
48.938040256500244,-6.920890303600218,9.622359719193
49.218491315841675,-6.924221755672906,9.623298725345597
49.40667676925659,-6.924368166011811,9.627507256973677
49.59425902366638,-6.925627503830597,9.631219826525093
49.783398389816284,-6.926833027566103,9.631440273103621
49.96980547904968,-6.925379115086903,9.631461746120502
50.156800508499146,-6.922900608756508,9.629168920171363
50.34419584274292,-6.921855788564871,9.627114364319132
50.624669551849365,-6.923110179937931,9.619974382352686
50.81337523460388,-6.922170804631603,9.616262545882924
51.00063705444336,-6.919250069287508,9.613722827536952
51.1879723072052,-6.920541497254018,9.60951156511455
51.3756468296051,-6.919786683641002,9.606635945298112
51.563098430633545,-6.918743955481321,9.604590594988895
51.75055193901062,-6.915866205372291,9.604728590300786
52.03097438812256,-6.928573805419993,9.631062790744428
52.21928691864014,-6.949858137338796,9.655582008807043
52.40682530403137,-6.975633965315389,9.682853835884867
52.59432601928711,-7.004899606768837,9.7079022358139
52.78178834915161,-7.031238290190471,9.737505026310117
52.96938967704773,-7.056931583102448,9.773283685399633
53.156803369522095,-7.084858615969796,9.811284368524174
53.43720507621765,-7.1306391504729145,9.861070292948057
53.62554049491882,-7.1641228226919935,9.893366361156556
53.813201665878296,-7.194244673165603,9.93082852511762
54.00049138069153,-7.222240387499198,9.96908471577634
54.188069581985474,-7.25024477843332,10.007951821604232
54.3762469291687,-7.282795744263586,10.048292410731168
54.56314516067505,-7.317042264583631,10.088524216152152
54.84337878227234,-7.370383199643737,10.155754676431584
55.03749227523804,-7.40553254998538,10.205906040290598
55.21932649612427,-7.441444303476772,10.254719655551964
55.40690040588379,-7.4856933439765205,10.308792173056528
55.594282388687134,-7.528084549429599,10.35602213042396
55.781898498535156,-7.576191008814886,10.404880412391837
55.96926259994507,-7.619092408237501,10.451977476709557
56.24973654747009,-7.671748834270573,10.521072525574814
56.43814539909363,-7.705918713983108,10.565903586795603
56.625638246536255,-7.743034505327762,10.612229826755616
56.81311011314392,-7.7809492382096455,10.658362777686676
57.00064539909363,-7.818599998850193,10.704573262288571
57.18813681602478,-7.859558286346793,10.757113919064366
57.37557339668274,-7.891823485578394,10.814634910820288
57.65598225593567,-7.944879318183108,10.898026240716344
57.84449505805969,-7.984837842317178,10.949609537148342
58.031821727752686,-8.02364705603716,11.00074529487846
58.219932556152344,-8.062138636514439,11.051385218574627
58.406818866729736,-8.098608581957034,11.101470057017641
58.59445285797119,-8.132364313829058,11.149360117080914
58.781821489334106,-8.167815168312941,11.197437077869095
59.06230807304382,-8.216784861559892,11.272926622218224
59.25050115585327,-8.252051820393456,11.320945159421305
59.43817615509033,-8.283649954454448,11.370345244987107
59.62558841705322,-8.3195780201173,11.42020193277057
59.813151597976685,-8.353768789906132,11.469918294799257
60.00091195106506,-8.38727034927018,11.520516697557593
60.18816328048706,-8.42312754628319,11.570637773768025
60.4684853553772,-8.479821207216181,11.640108293381942
60.65691089630127,-8.520791844728969,11.685741642489589
60.844385385513306,-8.56051646440527,11.730363339133804
61.03192472457886,-8.5982149306399,11.776305632903824
61.21943473815918,-8.633534231665925,11.819268815466629
61.40683913230896,-8.67203552786511,11.865904001229955
61.59434533119202,-8.710314360742414,11.91270682873426
61.87536549568176,-8.767567610068564,11.979801178254732
62.06317710876465,-8.807432536988053,12.02706123126744
62.250982999801636,-8.84851842906026,12.072060074945869
62.62572264671326,-8.933294888587385,12.153545369707892
62.81392478942871,-8.977765475233795,12.196528452916443
63.000802755355835,-9.02413272565697,12.240208305710658
63.281163930892944,-9.086014161047126,12.302662610856812
63.46937417984009,-9.111600580194104,12.333490900325637
63.65687298774719,-9.138695028831835,12.359559297858375
63.84452033042908,-9.166491124958474,12.381758782724923
64.03186869621277,-9.191166484950205,12.406010717966742
64.21947026252747,-9.21214822964877,12.429668795731441
64.40687870979309,-9.232722973633745,12.451365123232844
64.68744611740112,-9.259688894094436,12.478591223203127
64.87557888031006,-9.278088648093428,12.49219042528797
65.06328129768372,-9.294149296628511,12.501591743796157
65.25069665908813,-9.306799661121897,12.509801051120144
65.43833351135254,-9.316478515610996,12.520898766880359
65.62565588951111,-9.32606653809827,12.529423867176076
65.81330633163452,-9.336637259635205,12.535539764225812
66.09398174285889,-9.347614084900725,12.548332090483452
66.28186440467834,-9.350502455839493,12.554230800733341
66.46970820426941,-9.358080735531253,12.560756426234105
66.65706944465637,-9.367039520249847,12.567627462690082
66.84445643424988,-9.3752354676022,12.573374774989793
67.03198003768921,-9.381557458624842,12.578547960758282
67.219477891922,-9.38801007032051,12.581394671456453
67.49993896484375,-9.399704873640282,12.590144133620512
67.68811011314392,-9.419764738262355,12.616059949443109
67.87580895423889,-9.443072006163828,12.646599476132508
68.06321835517883,-9.46800550330453,12.679532891621127
68.25075316429138,-9.49239599549822,12.71465930481356
68.43822073936462,-9.518895403482434,12.75013573080413
68.62586736679077,-9.545195294346403,12.787659057248526
68.90613293647766,-9.583661938415043,12.850357721904514
69.09449625015259,-9.608830053522674,12.892467388757225
69.28206539154053,-9.637399453528221,12.933259415609681
69.46950936317444,-9.664629548253476,12.977009906269549
69.65696096420288,-9.687947308751907,13.026224050008842
69.84456062316895,-9.706082182770848,13.066140220622668
70.03212237358093,-9.722107200535962,13.102221640731985
70.31238985061646,-9.742028371031175,13.146020055124366
70.50072932243347,-9.755626998072477,13.17401565024318
70.68844652175903,-9.769311372593712,13.19763363431123
70.87575888633728,-9.783565819474543,13.22164251554175
71.06333565711975,-9.796860895864326,13.24267489404127
71.2508704662323,-9.811468210610917,13.260187634840054
71.43833136558533,-9.8233092074382,13.270420687714747
71.81246280670166,-9.840657024988973,13.30030505353797
72.00068426132202,-9.846053159238297,13.31668802603343
72.18834066390991,-9.85214143711218,13.330750915393809
72.3757688999176,-9.860123402675255,13.340327424358005
72.56343030929565,-9.866117238161076,13.349734123814008
72.75088214874268,-9.870518679372777,13.360158362168347
72.93836665153503,-9.872423076515988,13.368948365271214
73.2187294960022,-9.876528260425982,13.378624189199137
73.40703320503235,-9.877314719190839,13.387665159655153
73.59465765953064,-9.87675582169051,13.396448918659761
73.78214812278748,-9.87937387441204,13.402830236337964
73.96952152252197,-9.886032009222125,13.410220389650839
74.15829396247864,-9.891417599326713,13.417246388393972
74.34460544586182,-9.89723522817303,13.423913244970121
74.62493371963501,-9.901897399047249,13.435133651097765
74.81324410438538,-9.90425762032732,13.440597086286472
75.00085854530334,-9.905753524971132,13.442107134940988
75.18833136558533,-9.907375369612243,13.444994900880307
75.37595748901367,-9.906482051061028,13.440599028245039
75.56335282325745,-9.904029545047093,13.442955248593744
75.75088787078857,-9.901603817289496,13.444550153222114
76.03140258789062,-9.897992072951805,13.445390411668436
76.21960616111755,-9.894997608728433,13.44124642133702
76.40705609321594,-9.892559960927375,13.43765493873559
76.59464049339294,-9.89096075172125,13.434625494986058
76.78213500976562,-9.890280247382751,13.434052215225096
76.96962547302246,-9.88924280633244,13.436243559791764
77.1570692062378,-9.889447733734245,13.438591496197466
77.4375970363617,-9.890703803565206,13.441440888041914
77.62591743469238,-9.88779431561709,13.443411460409843
77.81358003616333,-9.886711359116543,13.441137754804046
78.00083374977112,-9.885719162227685,13.438954805940565
78.18850469589233,-9.884002221667282,13.436357605102463
78.37583255767822,-9.882648113189264,13.432337185467436
78.56354689598083,-9.879108097454026,13.42812142695428
78.84381580352783,-9.873122972850839,13.419735486603601
79.03216290473938,-9.868738742984698,13.415072246301733
79.2197265625,-9.864076653381572,13.410969495407778
79.40725660324097,-9.863711468499947,13.406455003039968
79.59464001655579,-9.861415088207805,13.403293733854872
79.78227543830872,-9.860149490546645,13.403721984357436
79.96966099739075,-9.856891292365704,13.405652902723768
80.25012707710266,-9.855095204741298,13.417573554967763
80.43836832046509,-9.854685434974535,13.420867008837394
80.62600207328796,-9.854738059735864,13.426925732756464
80.81346654891968,-9.849588284445758,13.426162844728186
81.00107836723328,-9.844931324071611,13.422718549026017
81.18843674659729,-9.840366021769642,13.420318937053816
81.37603330612183,-9.83509488631956,13.417624804596105
81.65638089179993,-9.829199369160218,13.411310409668385
81.84720587730408,-9.826090464122075,13.405335955551351
82.0321991443634,-9.822729457855939,13.400464525945752
82.21995091438293,-9.823108884330608,13.396288906745632
82.40744876861572,-9.818801467429667,13.392136371387696
82.59481310844421,-9.814635667808535,13.386958536859296
82.78270244598389,-9.81080366497677,13.38157424147546
83.06266903877258,-9.805549948875017,13.377740176050672
83.25092220306396,-9.799337998775155,13.377186815435492
83.43849182128906,-9.793746102581245,13.376843379779105
83.62607073783875,-9.788840961513156,13.375837954149482
83.81355595588684,-9.783887157012495,13.373411227698993
84.00091695785522,-9.780090647008356,13.36836588038289
84.18848371505737,-9.776183239759828,13.36488434201955
84.46886372566223,-9.769885429684376,13.359742379062903
84.65724992752075,-9.764877907223829,13.357120424559573
84.84472417831421,-9.759232411736491,13.354244399449147
85.03237056732178,-9.752967576279342,13.351136244728146
85.21974968910217,-9.747693476155684,13.347345634387764
85.40721464157104,-9.74402971609955,13.344039752907824
85.59487724304199,-9.738731034455324,13.341400573382145
85.8751904964447,-9.732002347874877,13.335494762743894
86.06343364715576,-9.726472871165319,13.331934233807367
86.2510461807251,-9.718120382960498,13.325842137101612
86.43848729133606,-9.712099269137752,13.319840203717396
86.6260175704956,-9.707479127502603,13.31487724184543
86.81345844268799,-9.699107048629465,13.307760515407212
87.0010576248169,-9.6844947854299,13.298124217713864
87.2813572883606,-9.683324646772537,13.297541740694648
87.46977925300598,-9.67717869232541,13.295812862570756
87.65731072425842,-9.671771990459293,13.29319850649031
87.84479641914368,-9.665361240149593,13.290759536622145
88.03228068351746,-9.658372120788133,13.287414355301378
88.21983075141907,-9.651706766848,13.28265267955565
88.40778994560242,-9.64961930145689,13.277590275681987
88.68762540817261,-9.642744358981322,13.268947808164341
88.87593579292297,-9.636865440216365,13.265282226719716
89.0636796951294,-9.628083383994076,13.259827258841598
89.2510015964508,-9.620148563393323,13.25567614072975
89.4386076927185,-9.612708793158841,13.24664104506654
89.81591773033142,-9.597936374012898,13.22938400620692
90.09412360191345,-9.590919755405956,13.227005598069427
90.28392696380615,-9.584345483327226,13.224502924060477
90.46986770629883,-9.578380268589022,13.218387676051258
90.65754675865173,-9.572854706877669,13.210692186970114
90.84825301170349,-9.566834793989583,13.204989432329741
91.03240299224854,-9.56191207820189,13.199267512686877
91.22021675109863,-9.554633008319412,13.19476057513153
91.50040626525879,-9.54351399253604,13.191414422026824
91.68850374221802,-9.53816146451166,13.187211906904881
91.87618041038513,-9.527646584156292,13.183864872509593
92.0635416507721,-9.518943041599767,13.179540554005461
92.25115370750427,-9.507583949744223,13.174962181779172
92.43857431411743,-9.503663432389502,13.169888030337189
92.6261658668518,-9.494754903883893,13.166037340861497
92.90655183792114,-9.483615523301548,13.15694260917383
93.09477496147156,-9.477396571829491,13.153585000613578
93.28249478340149,-9.469135889768065,13.147567124728436
93.46990871429443,-9.459759142874265,13.143544297941041
93.6573736667633,-9.45207569341511,13.137989185100018
93.84489393234253,-9.44488324898157,13.134300174443036
94.03236651420593,-9.437458890852167,13.130416072756809
94.31268906593323,-9.424934458959036,13.12484429117814
94.50103402137756,-9.418625346514089,13.122104237931008
94.68877649307251,-9.411858848503817,13.117988426828058
94.87609004974365,-9.406314009131645,13.115130301238604
95.06375575065613,-9.398209520076135,13.110844518798807
95.2511236667633,-9.391351644996782,13.106119081133441
95.43867611885071,-9.385736525493101,13.10243775230549
95.71981525421143,-9.37370184148294,13.093841678854387
95.90752744674683,-9.365595083753375,13.088528176087486
96.0949285030365,-9.35780765818695,13.084953533250344
96.28465414047241,-9.348995378978316,13.080526278375627
96.4698634147644,-9.34167008138828,13.075321141355793
96.65747594833374,-9.333652812207047,13.071723415070176
96.84517908096313,-9.325358414494307,13.067637200460604
97.1253125667572,-9.315323405461376,13.06281788094585
97.31426310539246,-9.310126286140989,13.05793394675046
97.50126338005066,-9.305078778980528,13.05418028688909
97.68868660926819,-9.299527640773483,13.050242041293568
97.87621235847473,-9.292922723099442,13.04688410458419
98.06372809410095,-9.287375956183135,13.0441762468214
98.25126528739929,-9.28050982639279,13.039305986570831
98.53166913986206,-9.26932590774204,13.03382109990808
98.71989488601685,-9.264040507990828,13.030806429954335
98.90748715400696,-9.25793000322873,13.02680821971156
99.0949912071228,-9.251791343852966,13.025991073157716
99.28245711326599,-9.248053752750176,13.028510841020292
99.46999263763428,-9.247423522511436,13.037249696141616
99.65741419792175,-9.260674334668444,13.056818121346172
99.93776059150696,-9.286657403859127,13.09898549455624
100.1261396408081,-9.304969230939236,13.118093621835293
100.31370520591736,-9.319020113791185,13.133807054628635
100.50126075744629,-9.337883894700994,13.151883582104604
100.68879246711731,-9.36277637796924,13.172661464359045
100.8761830329895,-9.390412123253089,13.19833392007357
101.06379580497742,-9.422075057159814,13.222340173441363
101.34411287307739,-9.474937731692235,13.249777770555355
101.53277039527893,-9.513019637636472,13.269356393666154
101.72006964683533,-9.552192823317869,13.285674459007401
101.9075825214386,-9.591872073293901,13.303821343318386
102.09494662284851,-9.63499228126961,13.32012542308742
102.2826075553894,-9.68001303919473,13.337962250294298
102.46995711326599,-9.728109741054867,13.35726741721033
102.75044441223145,-9.797958222184903,13.386105075971495
102.93871545791626,-9.850176724288547,13.408507565586305
103.12628650665283,-9.90325562103116,13.436271452447253
103.31378984451294,-9.958744769512142,13.461057017939806
103.50131154060364,-10.015488805500713,13.483377189835405
103.68881797790527,-10.071415512184428,13.502074990204589
103.87906169891357,-10.14661955879907,13.515632325762578
104.15695285797119,-10.299857069634802,13.527191510715973
104.34490585327148,-10.383098745608681,13.531600034534675
104.53255891799927,-10.445049361416599,13.538859161624345
104.71998310089111,-10.50626444811695,13.543038381562752
104.90753149986267,-10.572655647443442,13.544154377527219
105.0950939655304,-10.633097495618621,13.546413545360016
105.28260707855225,-10.687528495407385,13.55061669040506
105.56282472610474,-10.734902908602917,13.56517425427447
105.7512743473053,-10.78175542703119,13.570429064429941
105.93879461288452,-10.832650279540086,13.574009298350102
106.12628650665283,-10.851560898868279,13.583130511002793
106.31389999389648,-10.869892090462447,13.589824559340487
106.50148892402649,-10.89099056126249,13.59603686299046
106.68883967399597,-10.906657696219375,13.60162402156031
106.9691915512085,-10.931523686106104,13.60850543687419
107.15762829780579,-10.944990118389265,13.612679536354559
107.34514355659485,-10.958967256591022,13.613586101083781
107.53258442878723,-10.971191853776386,13.614832751611141
107.72013664245605,-10.980891683217832,13.613935508349376
107.90765762329102,-10.990663525912073,13.617101448257142
108.09515023231506,-10.99932838319056,13.618089098321876
108.37545943260193,-11.015905718772284,13.622273063945125
108.56382989883423,-11.023000122984469,13.625659750314226
108.75135493278503,-11.0309052205531,13.628512211686546
108.93889880180359,-11.040720406921716,13.625701995199053
109.12634110450745,-11.050280538729409,13.615012785003223
109.31399941444397,-11.061643651495034,13.601252974715893
109.50152611732483,-11.070824400703273,13.584932759368051
109.78197193145752,-11.079994703706905,13.550775320849649
109.96998405456543,-11.082516633970439,13.527346989209471
110.15766906738281,-11.083775865871889,13.503699700665903
110.34507060050964,-11.0751967300475,13.48161459177688
110.53271102905273,-11.069506604171414,13.464006987769958
110.72009229660034,-11.065343848934692,13.45876579611486
110.90767025947571,-11.065120758375269,13.483022751027868
111.1879677772522,-11.077711899006346,13.423644791124108
111.37641477584839,-11.092999022399033,13.38254500528852
111.56401801109314,-11.10987612968424,13.335573280434598
111.75149393081665,-11.12636277107697,13.288288616392835
111.93884563446045,-11.143007950606219,13.240097402215344
112.12643027305603,-11.160361257886713,13.19552736023071
112.31507992744446,-11.179557830176503,13.156526037971455
112.59470820426941,-11.21397244874397,13.107925776665425
112.78254699707031,-11.239370290380762,13.07743696276789
112.97029781341553,-11.271662966166796,13.046681495710152
113.15764808654785,-11.304453803867458,13.016859083309166
113.34523439407349,-11.340655062873388,12.985979176128506
113.53265738487244,-11.38162222382025,12.951251567251086
113.7201738357544,-11.422389348786094,12.91828213298691
114.00082015991211,-11.484941610170642,12.868396307661815
114.1888906955719,-11.536558926156214,12.836208986250544
114.37646293640137,-11.583234992274903,12.802863553385789
114.56403350830078,-11.628982167043864,12.771515549816732
114.75146198272705,-11.675802117848571,12.744670193113114
114.93889236450195,-11.721215731253327,12.717627137785529
115.12645411491394,-11.767183649854829,12.690735269733334
115.40681886672974,-11.843664654646373,12.654749253545535
115.59573531150818,-11.895732067023916,12.62923865005369
115.78301882743835,-11.945458161364842,12.607052283634363
115.97034215927124,-11.998009572821301,12.587850727531384
116.15768265724182,-12.052288236935938,12.566924983289653
116.34519171714783,-12.10918956662513,12.54467332637944
116.53282880783081,-12.168523369807707,12.52038366539657
116.81369352340698,-12.25718543321263,12.48516032516008
117.00146436691284,-12.33500717230554,12.445306631093269
117.18894791603088,-12.402394298345857,12.416523957295727
117.37660360336304,-12.463399674449144,12.393841405513387
117.56422996520996,-12.520447123735543,12.372459707815707
117.7522451877594,-12.577154818745049,12.353362809537323
117.93898749351501,-12.634645872859759,12.333407808288474
118.21942615509033,-12.72219307047355,12.30137383964361
118.40767335891724,-12.782204156756913,12.278891725942216
118.59536719322205,-12.840137993934091,12.255234902845107
118.78280353546143,-12.898690218128527,12.23247428859657
118.97031950950623,-12.957796020758181,12.206850623807206
119.15772771835327,-13.006969811184284,12.187902402498892
119.3453221321106,-13.048521012321576,12.175006744025605
119.62562918663025,-13.102892948396361,12.15722101543509
119.81390953063965,-13.131944965881521,12.146667232412765
120.00152969360352,-13.157121349415249,12.1378174830848
120.18904066085815,-13.177517779268033,12.13173551375292
120.37651658058167,-13.197882885064715,12.12458260419835
120.56405138969421,-13.217156222213491,12.116804346805935
120.75203943252563,-13.236379251159036,12.110394201151294
121.03189468383789,-13.263739713024373,12.100189690166905
121.22021889686584,-13.294243361041307,12.082432669723445
121.4079167842865,-13.332769976720769,12.063500090893502
121.59547567367554,-13.37691839010857,12.041859448822896
121.7828106880188,-13.417907226246118,12.021148823721699
121.97041964530945,-13.442394440625609,11.99784798977062
122.15780210494995,-13.455124794588443,11.973324827969744
122.43836402893066,-13.460071626799477,11.939687904645284
122.62657737731934,-13.462633000776492,11.913354364975648
122.81409001350403,-13.472905721383837,11.882100206807209
123.00169372558594,-13.482155114123982,11.851114914012962
123.18905138969421,-13.494524669521258,11.81866942073636
123.37666749954224,-13.509853870846273,11.78525363224823
123.56424856185913,-13.528391049544291,11.752441958966271
123.84445881843567,-13.56849381645228,11.702720544107736
124.0329258441925,-13.594149737648765,11.67395416401403
124.22043442726135,-13.62155407006566,11.64901757056734
124.4079647064209,-13.656487633462529,11.627598885289874
124.59589624404907,-13.696678898534618,11.605530970110749
124.78280568122864,-13.73535794208527,11.584727114794752
124.97042417526245,-13.776515523747017,11.568122639437451
125.25072622299194,-13.84814515370651,11.549771671387923
125.4391233921051,-13.89439769211987,11.52945104345736
125.6266508102417,-13.93413057222692,11.506573641477683
125.81413292884827,-13.966021537355235,11.477723558618177
126.001638174057,-14.000264838405972,11.450802373499123
126.18917751312256,-14.048615536824364,11.43815896252832
126.37664127349854,-14.096823863760685,11.421246420297472
126.65699005126953,-14.1758253842691,11.397240227275871
126.84526944160461,-14.231050344599497,11.381546457056254
127.0328905582428,-14.287936762832404,11.367056027492028
127.22040176391602,-14.343741007800695,11.351607520285146
127.4078426361084,-14.397807773400146,11.333336267775076
127.5955593585968,-14.451340541091842,11.321367816486841
127.78284978866577,-14.505275038335089,11.303364476452968
128.06351232528687,-14.587434847263562,11.286393330415768
128.25167608261108,-14.644706046555816,11.274691018771232
128.43916845321655,-14.698693793532664,11.263866912085662
128.62691068649292,-14.750570028606138,11.254493044877474
128.8141758441925,-14.802850858445238,11.24489431228383
129.00174260139465,-14.854123095601866,11.239025761173442
129.18915009498596,-14.912547495084908,11.231307720613424
129.46958708763123,-15.001285120967955,11.217012796996968
129.65803742408752,-15.057180519155503,11.206868958723323
129.84547805786133,-15.109746925483838,11.198990671803209
130.03305745124817,-15.160791568944665,11.191540094576876
130.22044396400452,-15.21141062666938,11.186120134719117
130.4078869819641,-15.264532086679754,11.179669825397873
130.59550380706787,-15.318346459591774,11.17356937151063
130.87581181526184,-15.397703624814197,11.162385878119656
131.06434655189514,-15.453076617051892,11.158349203317993
131.2517466545105,-15.509878325893387,11.154679263228571
131.43926429748535,-15.564589347540373,11.15714703809986
131.6267430782318,-15.637364313525072,11.151895172198119
131.81426882743835,-15.677808987040091,11.14938790717361
132.00351285934448,-15.73643907650527,11.145222725276732
132.28212022781372,-15.819748124201558,11.139057811082601
132.47038078308105,-15.87839233106531,11.13717346783879
132.65825533866882,-15.934273032179558,11.132395582206549
132.84549760818481,-15.988852449241714,11.132156699668894
133.03309512138367,-16.045610193799185,11.126761575869807
133.22061586380005,-16.100352373040266,11.11640804910884
133.40805649757385,-16.15968770213606,11.108764958166915
133.68849182128906,-16.2515082956527,11.091969325611123
133.87688088417053,-16.312326588035717,11.094124542567773
134.06430649757385,-16.361649675108545,11.084425932104118
134.25183248519897,-16.413915743722566,11.074505856983667
134.43925857543945,-16.47386654034076,11.068430291544257
134.626859664917,-16.531857615386595,11.061709914208674
134.81427669525146,-16.590968888598482,11.052565416566903
135.0947151184082,-16.6758858457449,11.041917843436797
135.28292679786682,-16.730186670904683,11.03285731197625
135.47063755989075,-16.78763047111914,11.022004722005411
135.65797233581543,-16.84425271443477,11.011362969775721
135.8457908630371,-16.898496158214222,10.996834444099935
136.0330367088318,-16.998179804549057,10.967622247510167
136.22050046920776,-17.00755052313262,10.964634980114607
136.50098633766174,-17.082564040937868,10.949858202692418
136.6892795562744,-17.13985494442664,10.943317697079419
136.87680387496948,-17.193357315276234,10.927399321474605
137.06450939178467,-17.24908448581337,10.91295989587052
137.25184392929077,-17.30257508269464,10.898680920292202
137.43936705589294,-17.348917353113055,10.88575868296734
137.62692189216614,-17.38488969577534,10.877086066725566
137.90722942352295,-17.42564325713676,10.868968148098064
138.09551453590393,-17.45698681796269,10.854855554182503
138.2831916809082,-17.48042505743943,10.849057241757542
138.47066569328308,-17.504669670673398,10.837740764485563
138.65829491615295,-17.52520684865766,10.831758526892044
138.8456039428711,-17.542371087492736,10.827920861653714
139.03319191932678,-17.55808512259386,10.82351872697142
139.31334614753723,-17.577954568998955,10.821638241146426
139.5019211769104,-17.591056398080223,10.824521946671641
139.6896357536316,-17.611155835782117,10.823335103659737
139.87685203552246,-17.631558401150137,10.82041223132689
140.0642910003662,-17.655459826355916,10.814373641589043
140.25191736221313,-17.683095996074687,10.807168991370249
140.4393503665924,-17.713803825984268,10.796633700797988
140.719788312912,-17.75141086606523,10.794179210599818
140.9080686569214,-17.76926535050796,10.78864366902798
141.0956723690033,-17.780723627109595,10.785599602701383
141.2830708026886,-17.790432566055134,10.780570597910621
141.4706633090973,-17.800192299878226,10.77492373088267
141.65809035301208,-17.809008093560784,10.772108123878754
141.84560751914978,-17.81409701142971,10.776096795464856
142.12585496902466,-17.827535261365984,10.777312216269666
142.3143494129181,-17.832583817923066,10.775643289303613
142.50195360183716,-17.840158799284815,10.772399436364903
142.6894507408142,-17.842645165675947,10.77579503834382
142.87693881988525,-17.848746309289734,10.773630625981193
143.06442832946777,-17.853820825429985,10.77246133791091
143.25185251235962,-17.85676416534641,10.769810568480041
143.53228449821472,-17.852193088041197,10.777233472575082
143.7205855846405,-17.843898606333696,10.790699066701178
143.90824246406555,-17.83780053795878,10.797639587220074
144.09564423561096,-17.834643241283892,10.79920667446717
144.2831199169159,-17.836015205304196,10.798149029591386
144.47075295448303,-17.85010304339971,10.79386720851474
144.65818905830383,-17.877164374291834,10.786352855794341
144.9384253025055,-17.92528991588915,10.774432340350286
145.12698912620544,-17.960015303344857,10.764909153631361
145.3143813610077,-18.001052306053587,10.757510826603937
145.50204873085022,-18.03201485671288,10.75293592501441
145.69015860557556,-18.05375571388562,10.749307981864128
145.87689018249512,-18.069613459872674,10.741892770706958
146.06453728675842,-18.086892436265884,10.728921713519524
146.34477019309998,-18.099892836033714,10.720871185245665
146.53337597846985,-18.11065785027177,10.713837595571196
146.72087407112122,-18.12003752600516,10.708887455727519
146.9081995487213,-18.12949327455954,10.704488204544713
147.09578609466553,-18.139012373676838,10.703100642017759
147.28331685066223,-18.14900822231445,10.70335673167742
147.47070026397705,-18.16000664668641,10.700078060377924
147.75275588035583,-18.175094711139835,10.69646255838063
147.93954014778137,-18.19406929924682,10.689540453327933
148.1270730495453,-18.22341715417962,10.680013283630599
148.3146436214447,-18.25783945797096,10.660943081241243
148.50206851959229,-18.30459817252603,10.650992085528209
148.68969917297363,-18.3400348920826,10.639121533626312
148.87697768211365,-18.368880302249426,10.627891266650364
149.15733122825623,-18.399504896129677,10.613460271670967
149.34573125839233,-18.413384769439002,10.606250337576158
149.53344798088074,-18.427017188979075,10.60146242191972
149.72076511383057,-18.43891725401794,10.596691260233646
149.90827798843384,-18.447250686134772,10.596582810435534
150.09580636024475,-18.452878131662874,10.594781375506477
150.28323698043823,-18.46108319080209,10.59143338673595
150.56352877616882,-18.478897855482906,10.58500302300367
150.75211000442505,-18.492835510848707,10.580180281395778
150.93950510025024,-18.50009631391519,10.568712207529025
151.12709021568298,-18.513446390976835,10.564037420132852
151.3145251274109,-18.526029721958874,10.560065814588246
151.5020911693573,-18.528118170266595,10.546695804067289
151.68962597846985,-18.524866249496423,10.530409940584972
151.97011256217957,-18.516833823346868,10.507581051163248
152.25105834007263,-18.516261639648626,10.489434779116277
152.4402210712433,-18.51016918351263,10.475724999657517
152.62717390060425,-18.49590382160073,10.464171782692263
152.81471586227417,-18.474134907093344,10.45194250630718
153.00208044052124,-18.44847934090464,10.43870565743687
153.28262448310852,-18.412427711948748,10.421585218851169
153.56363773345947,-18.381689784765598,10.38640005624644
153.75206208229065,-18.370076081015142,10.355949196912409
153.93961334228516,-18.35835124016593,10.321902690575886
154.12703824043274,-18.34710410792814,10.281368680781329
154.31461906433105,-18.33591715931941,10.23911716286223
154.5951464176178,-18.312544607865185,10.176174539084554
154.78359365463257,-18.294316430199842,10.14209695980421
154.9708137512207,-18.27301833790926,10.114869106887065
155.1584062576294,-18.251806436199047,10.088838087286419
155.3458707332611,-18.225833914024008,10.062426209829486
155.5333652496338,-18.201024647228934,10.03294964980417
155.72082614898682,-18.174187768863735,10.00243087337393
156.00119853019714,-18.127614526169637,9.956499932943766
156.18985557556152,-18.098258843124484,9.925439684194147
156.37713646888733,-18.06413492059626,9.899412741116338
156.56484508514404,-18.024402711257807,9.871119731550134
156.75231194496155,-17.98193232841095,9.84082470961468
156.93973970413208,-17.937398845680526,9.809950218145
157.12707614898682,-17.892956761156523,9.776619928435636
157.40742254257202,-17.829265986853446,9.723060419389768
157.59593725204468,-17.78539677681157,9.688880548789824
157.78336024284363,-17.722483440346934,9.655459284653455
157.97092604637146,-17.684163571836564,9.624759087453025
158.15839052200317,-17.642058744327695,9.592118454704798
158.3458948135376,-17.60113437438846,9.555822328560426
158.5335395336151,-17.556513531057984,9.51579600509862
158.81371355056763,-17.489204159931834,9.456150362159008
159.00211095809937,-17.441974768796605,9.40916211182196
159.18971991539001,-17.396857415172178,9.362404176683295
159.3771471977234,-17.344628826604374,9.314920526750198
159.56476020812988,-17.299784198199923,9.264747645188505
159.75366234779358,-17.256302653465443,9.213341987714076
159.93972373008728,-17.21322583431783,9.160228119661936
160.21991229057312,-17.156207909319573,9.07926742928411
160.4084448814392,-17.113527233700083,9.025922493674775
160.59599804878235,-17.072944363940834,8.972529400606371
160.78347539901733,-17.034326100223133,8.916344189900247
160.97090673446655,-16.99642840617009,8.861560048341879
161.16174578666687,-16.96099905385511,8.803601139503357
161.34609031677246,-16.927343916489743,8.74802221196626
161.62655520439148,-16.876440603741067,8.664051014429141
161.81486105918884,-16.845299998499915,8.599322297920823
162.00236415863037,-16.816222350742024,8.539251504296395
162.18974089622498,-16.78968041034226,8.479357062023306
162.3772578239441,-16.75823485238204,8.418747911064385
162.56474113464355,-16.72748994881315,8.359468368608798
162.7524094581604,-16.695249289377866,8.301163643619802
163.03260707855225,-16.647162049039753,8.210033880760806
163.22107863426208,-16.616940561307022,8.14611013515823
163.4085192680359,-16.583966764392887,8.081618535934625
163.59601402282715,-16.552106391157963,8.020202064967046
163.78346014022827,-16.515549281103826,7.958764748058466
163.9710829257965,-16.48138762025268,7.899692195788259
164.15844130516052,-16.446732826611598,7.835343161475861
164.43886160850525,-16.403412004110802,7.73776709557163
164.62722516059875,-16.37243319625557,7.681395229721537
164.81483459472656,-16.340288389322673,7.623919403712021
165.00231504440308,-16.30820087247618,7.572158459352056
165.18970441818237,-16.276569108572634,7.51562371852462
165.37732362747192,-16.245943516925028,7.455889876436909
165.56478095054626,-16.215683838108436,7.397198443385853
165.84511470794678,-16.171955686284782,7.3105851865387175
166.03343534469604,-16.138978138598922,7.253694169224854
166.22114658355713,-16.10768117651008,7.2007118194625
166.40860414505005,-16.07744335626842,7.141242931996866
166.59615850448608,-16.046288875887033,7.08285020739571
166.78368663787842,-16.017738783223955,7.025323413926666
166.9710819721222,-15.987501917710263,6.968406402932969
167.25132203102112,-15.93392490581228,6.8916872667858895
167.43980622291565,-15.89714569364842,6.8366416846418385
167.62756967544556,-15.858666151941486,6.782528101413543
167.8148057460785,-15.822301169572155,6.725282345344276
168.0023000240326,-15.791767806381117,6.665520358878936
168.18979048728943,-15.756154748823729,6.606859038241748
168.3772895336151,-15.722175409969019,6.538520852147454
168.65816187858582,-15.66547936577035,6.446220788111631
168.84614443778992,-15.630415381464912,6.3813007885005835
169.0336320400238,-15.596762622880474,6.317772996088515
169.22109484672546,-15.567298918449515,6.2561658793358825
169.40858554840088,-15.536382026617762,6.1957093020404095
169.59603762626648,-15.501521910463921,6.140533934917238
169.7835671901703,-15.465460790952715,6.083054881344579
170.06402683258057,-15.415839474402201,5.998879054714517
170.25256276130676,-15.386732731194485,5.936507541930384
170.43980288505554,-15.35710093384616,5.87889472476184
170.62742066383362,-15.320300733916818,5.8211016807370655
170.8149938583374,-15.284408804580494,5.760199626857715
171.00236988067627,-15.253067336274707,5.696917912872757
171.18997025489807,-15.220203747651217,5.634458515984953
171.47017741203308,-15.169184632388374,5.552922092633666
171.65856218338013,-15.136458673382524,5.488386495804062
171.84616112709045,-15.102148130632855,5.428375387793553
172.033677816391,-15.070220001492208,5.368368046022886
172.22112464904785,-15.032745210281112,5.3067943670958995
172.4087040424347,-14.998057746083575,5.24895055995259
172.59624600410461,-14.964131881351383,5.1905766567256935
172.87642240524292,-14.917448655778063,5.102738391400643
173.06502628326416,-14.885636335622081,5.0400729869373
173.25240540504456,-14.851761647316925,4.978731670239636
173.43991780281067,-14.81622619014851,4.922760178273249
173.62756419181824,-14.778349136633334,4.867965485862924
173.8148500919342,-14.744188524785706,4.812056240228195
174.00237345695496,-14.708692852106335,4.750258018236693
174.282888174057,-14.661124668677886,4.654462550276503
174.4711229801178,-14.620112727275792,4.593131432804302
174.65867829322815,-14.58314164153092,4.535774752554287
174.84614300727844,-14.544254535670625,4.48198292496204
175.0336799621582,-14.509970740947546,4.431559298923384
175.22122025489807,-14.481956645941478,4.380128924258692
175.40867710113525,-14.443063477179406,4.3261287644581925
175.68890833854675,-14.382970177324777,4.251429954555396
175.87758874893188,-14.344829082472613,4.198036741392353
176.06511664390564,-14.30367833437845,4.144013347703284
176.25245761871338,-14.259825598859758,4.0896140899661555
176.4399654865265,-14.213356515170736,4.042608840035311
176.6275990009308,-14.167638478398606,3.9944983030001726
176.81517791748047,-14.12279516770184,3.9479814646699056
177.09527015686035,-14.058496017557124,3.8725185834933082
177.28370356559753,-14.011207614558334,3.82282601774794
177.47125220298767,-13.964688205211809,3.7746419410041243
177.65880846977234,-13.919254918174655,3.729800013333469
177.84624075889587,-13.878266998076802,3.6865189675392664
178.03380632400513,-13.838541905255294,3.640221610150986
178.22129106521606,-13.79410900203141,3.5899878059698698
178.5016531944275,-13.729975281735227,3.51682177271211
178.6899218559265,-13.685201427795182,3.467574691449287
178.87766242027283,-13.636595459663585,3.421900398843703
179.06510663032532,-13.59284050111144,3.377328346792709
179.25284624099731,-13.55098919257474,3.3325526776898453
179.4400656223297,-13.509101485510088,3.283679133607112
179.62744903564453,-13.464374667785235,3.2386653705233743
179.90781259536743,-13.3960719962411,3.1822572285858817
180.09624218940735,-13.349869782902168,3.1374577651662316
180.28394055366516,-13.298066118592693,3.1011816466493345
180.47126507759094,-13.248342434965592,3.0649329885843666
180.65899538993835,-13.199895160566307,3.025879817060907
180.84624671936035,-13.155466058124931,2.9838572828065195
181.0337975025177,-13.108788432106596,2.9406470103540374
181.3141531944275,-13.037286625165354,2.874587305192005
181.50247311592102,-13.000601288353506,2.8360873479500244
181.68998408317566,-12.961091926332898,2.7939375917106224
181.87760663032532,-12.912940743920883,2.7617119188119585
182.06498527526855,-12.871874958804376,2.7177857244141403
182.25260162353516,-12.84015467470426,2.6777441140197413
182.44001936912537,-12.780469526449693,2.639199018307332
182.72041177749634,-12.721567267799893,2.564085715247962
182.90879034996033,-12.677876355651623,2.5194781110184103
183.0962917804718,-12.614323839593098,2.475898192222745
183.28382205963135,-12.568687099915126,2.4373948098038998
183.47139382362366,-12.526474609338452,2.399968188725398
183.6588327884674,-12.475633311496773,2.358139343708268
183.84636855125427,-12.427748031822235,2.3213695616957506
184.12671375274658,-12.359684255462147,2.2523082856359142
184.31511330604553,-12.318425105876809,2.2079386137218657
184.50276827812195,-12.26893594225874,2.167437794937701
184.69058966636658,-12.21883122432493,2.122469212670927
184.8776228427887,-12.168052059161488,2.0794292295346186
185.06532645225525,-12.11645381816285,2.0469985089772003
185.25257802009583,-12.074355584201165,2.002896122715745
185.53283095359802,-11.965164363442126,1.909692875707995
185.81511092185974,-11.931352319163382,1.8838184577487065
186.00257754325867,-11.885626367256707,1.8392557884961303
186.19026923179626,-11.836876687783155,1.7983150441146387
186.37755680084229,-11.788910987569158,1.7636244941806924
186.56528615951538,-11.73822610071936,1.7237103393186446
186.75279474258423,-11.690938669823062,1.6833014033406217
187.03292417526245,-11.617066768966867,1.6195877775343315
187.22133350372314,-11.56432155298161,1.5854690306450703
187.4088909626007,-11.509798259761922,1.554453600551035
187.59638357162476,-11.458856315531552,1.5116953489659744
187.7838990688324,-11.41058159716813,1.4663982112517884
187.97137594223022,-11.364670565133796,1.4248918236886836
188.15884709358215,-11.316422640310714,1.3849465181446428
188.43934607505798,-11.24348280855219,1.3291974568072225
188.63151955604553,-11.190742616879866,1.2865769537000085
188.8151535987854,-11.146536294138304,1.2557617498204872
189.00263047218323,-11.097426031368121,1.2193426327279568
189.19010424613953,-11.04986561919025,1.1811269717704849
189.37766575813293,-11.004622173546224,1.1402072253689066
189.56514978408813,-10.958486415219824,1.105342729367665
189.8455193042755,-10.883956692813687,1.0493314831967988
190.03383922576904,-10.832161427307899,1.0090133743657186
190.2216513156891,-10.773262748595503,0.9671838979721143
190.40887331962585,-10.721780857575139,0.932011516124361
190.59648251533508,-10.671497316156824,0.9009184795645269
190.78442358970642,-10.620671371311785,0.8666702469023484
190.9715235233307,-10.571264391372774,0.8297057958489873
191.2517647743225,-10.492209781135774,0.7701646405657828
191.44024109840393,-10.440365422250089,0.7302109434304607
191.6277883052826,-10.393416381478827,0.6895008121670595
191.8152174949646,-10.346977089954748,0.65193906057369
192.00280785560608,-10.29947951359665,0.6145611029780432
192.190345287323,-10.252725697208122,0.5774930744917612
192.37778496742249,-10.203360678834683,0.5424150124348976
192.65818643569946,-10.12369683931929,0.4886458492123694
192.84644770622253,-10.071522422886536,0.4558100637681946
193.03411674499512,-10.02204661145827,0.4233874239418872
193.22148633003235,-9.97737545307261,0.3912069413372572
193.4090051651001,-9.929440526845337,0.35364655019897995
193.59659934043884,-9.87959191351095,0.31967013880278844
193.7867932319641,-9.82535382245784,0.28449843273673886
194.06429767608643,-9.743930214574771,0.22528809085441817
194.25279474258423,-9.693781776326139,0.188664897443792
194.4403796195984,-9.641472537034737,0.15544196349677242
194.62771844863892,-9.557879421921704,0.09469143121634824
194.90898084640503,-9.513827259871789,0.06323121929678838
195.0966067314148,-9.463400907547856,0.027794995862133312
195.37689852714539,-9.391639579138243,-0.023530716643854713
195.56523251533508,-9.341739936013553,-0.054674052488039006
195.75278544425964,-9.291967050126434,-0.08986604334871576
195.94025826454163,-9.24330708033961,-0.12363166322677674
196.12777662277222,-9.195646232329537,-0.15845947295754342
196.31538605690002,-9.143826828913511,-0.1963320794346144
196.5029332637787,-9.09421086800141,-0.22708697457030264
196.78307175636292,-9.012805390374993,-0.27688171225948277
196.97151136398315,-8.959452464270099,-0.31423335714988027
197.15899229049683,-8.910520873363593,-0.3511715176568142
197.34650111198425,-8.86261938813892,-0.3848876456356817
197.5342071056366,-8.813715207651605,-0.41894797860374855
197.72165179252625,-8.771135115593006,-0.44915244493726286
197.91165447235107,-8.733029218952877,-0.4688006340389985
198.1894016265869,-8.690116663967574,-0.49120047302817393
198.3778305053711,-8.66062108365265,-0.5095704861917609
198.5653898715973,-8.628512585294702,-0.5282682092641412
198.75283026695251,-8.601723952292078,-0.546491912664788
198.94039845466614,-8.578058078380387,-0.5595334273747499
199.1277825832367,-8.558302903878541,-0.5717086757147131
199.31543016433716,-8.53408478324128,-0.5813797394856987
199.59577655792236,-8.50280438076233,-0.598875180720427
199.78407859802246,-8.484123372801335,-0.6137777776435182
199.97168278694153,-8.46615507754702,-0.6257150597785303
200.1590497493744,-8.448355384175446,-0.6360075938188978
200.34657764434814,-8.433003789172092,-0.6451330157662646
200.5340554714203,-8.418945803439149,-0.6539529594377207
200.72158551216125,-8.407996847226944,-0.6601422187803672
201.00191593170166,-8.397077709622067,-0.6637435448463221
201.19034433364868,-8.38742397560143,-0.6683717805847088
201.37786746025085,-8.380875855710682,-0.6740391767775346
201.56537294387817,-8.36676644653227,-0.6838930285637
201.75281524658203,-8.349106526430758,-0.6984558371089516
201.9404525756836,-8.333051120637235,-0.7060668489032272
202.12875080108643,-8.31735481444244,-0.7133979093569852
202.40823459625244,-8.297412561832505,-0.7305091593510695
202.59677815437317,-8.286125197999972,-0.7425783633162608
202.78423237800598,-8.272441501731596,-0.7459656685635431
202.97165155410767,-8.264332770436601,-0.754593341298002
203.1591694355011,-8.25639838668865,-0.7609198812594857
203.34670734405518,-8.246239859021477,-0.7690925411449044
203.53420519828796,-8.227950612858384,-0.7796519200539339
203.81447052955627,-8.189660961731134,-0.8176915389735325
204.00281429290771,-8.167419570000604,-0.8396700455075051
204.19054555892944,-8.14806116471221,-0.8495622600331935
204.3778703212738,-8.134906257194636,-0.8563590664149576
204.56540274620056,-8.125778503501103,-0.8662888132577892
204.75306367874146,-8.11682687714878,-0.8741111436611101
204.94040608406067,-8.109956060091426,-0.8797290095436586
205.22071075439453,-8.09965715081139,-0.8899810658615782
205.40913438796997,-8.093483077095287,-0.8964643270422062
205.59699058532715,-8.087400526043597,-0.9021069530428127
205.78426694869995,-8.083056981014904,-0.911590626255762
205.97179889678955,-8.074839365381488,-0.9158449901862252
206.15918636322021,-8.068190617583637,-0.930675047191576
206.34676599502563,-8.061658885761194,-0.9391216879490912
206.62716817855835,-8.050201142126403,-0.9400866205955837
206.81540274620056,-8.042615613254265,-0.9391844104095666
207.00299501419067,-8.03592924376261,-0.9395284731518304
207.19058465957642,-8.03099685788914,-0.9435842175769649
207.3779194355011,-8.02824898192444,-0.9445895977973332
207.56570386886597,-8.026957334264806,-0.9497731021515763
207.75299072265625,-8.02622597373286,-0.9608378903952263
208.0332772731781,-8.026136369845537,-0.9491679817626374
208.22175884246826,-8.025321090748164,-0.9444520132188224
208.4092903137207,-8.020555347334385,-0.9442526924529289
208.59698343276978,-8.015572306847764,-0.9497605451817643
208.7842733860016,-8.014285523166258,-0.9585056381678055
208.97183275222778,-8.005146068074703,-0.962074273200348
209.1592617034912,-7.997536952292068,-0.9632677591149353
209.4422824382782,-7.992158752162281,-0.9644578001457985
209.62813663482666,-7.987566637652,-0.9727917811600504
209.81552481651306,-7.9829781100266635,-0.9694839901660184
210.00300312042236,-7.979736434004587,-0.9725861374365958
210.1907160282135,-7.978859924292795,-0.9633573954801409
210.37796998023987,-7.977756263680761,-0.970893438040378
210.56549096107483,-7.980452656287391,-0.9677754374433508
210.84582090377808,-7.982181177666452,-0.9661565754348386
211.03432536125183,-7.982613930139432,-0.9676198496549767
211.22182393074036,-7.983631531316066,-0.9658139535496655
211.40929913520813,-7.983156396565459,-0.9673638628968118
211.59708309173584,-7.979551068303366,-0.9683824472649951
211.7842719554901,-7.975038313887652,-0.9660891148608303
211.971782207489,-7.971477923528729,-0.9674001212119016
212.25209999084473,-7.971848030974615,-0.9703389073022031
212.4405906200409,-7.968237386695865,-0.9717885669210816
212.62880539894104,-7.9653836609443145,-0.9741046019305931
212.8155438899994,-7.964423237100821,-0.9768432017806158
213.00305581092834,-7.961487722680639,-0.9801360012398879
213.19062089920044,-7.953097898880284,-0.9883708503919971
213.37802529335022,-7.93219093541459,-1.0036939682557426
213.65844225883484,-7.895428776999378,-1.0416502974611213
213.84680128097534,-7.868917249836824,-1.0706128813140785
214.03434014320374,-7.839175721573577,-1.1056348035120058
214.22178554534912,-7.812762789428855,-1.136778690695239
214.4093883037567,-7.781959886240669,-1.169373811530182
214.59680652618408,-7.756710044204898,-1.2024235419118396
214.78462767601013,-7.731440401108622,-1.2280872726914802
215.06465554237366,-7.701285227225461,-1.2644035335215342
215.2530176639557,-7.684963006492956,-1.281575136809079
215.44064474105835,-7.66279088225767,-1.3132605129163326
215.62812042236328,-7.633850063737113,-1.3540695392320674
215.81563782691956,-7.603269556014041,-1.3983679042492598
216.0030643939972,-7.578091394213587,-1.4382394055488885
216.19068574905396,-7.55356114262631,-1.4705702545923596
216.47105383872986,-7.5213132860878265,-1.512713904399039
216.65963339805603,-7.500545662845434,-1.5406161948568335
216.84688234329224,-7.475543291797818,-1.576865242514555
217.03447651863098,-7.446558667744899,-1.6205012353602217
217.22183990478516,-7.413324849520641,-1.663803773943745
217.40938806533813,-7.377268619361017,-1.7102500242898837
217.60281682014465,-7.3425611482783,-1.7603280504972834
217.87719702720642,-7.313163929418321,-1.8236615544830377
218.065589427948,-7.301754459323498,-1.8625507878961762
218.2531967163086,-7.293043308336444,-1.9031735432988193
218.4407045841217,-7.290615104918684,-1.947849702013989
218.62817692756653,-7.2741573620794036,-1.9941169691416345
218.8157548904419,-7.285714320410127,-2.0323317489496184
219.0031816959381,-7.283399317395622,-2.075470664240278
219.2834553718567,-7.286092799131755,-2.123669167477644
219.47186017036438,-7.286833943721848,-2.165258580381855
219.65952610969543,-7.29055351903337,-2.2136029923042964
219.84697246551514,-7.294531447138738,-2.260136777507605
220.03454446792603,-7.297273910440751,-2.303940822785026
220.22189283370972,-7.3068751811368315,-2.3543495296074854
220.4094741344452,-7.318674434341046,-2.3979783825152703
220.68977999687195,-7.337286471198832,-2.4699080649422944
220.87822771072388,-7.352805434958508,-2.5167971925830663
221.0657787322998,-7.374637669248362,-2.5616219703280465
221.25333333015442,-7.398809810743955,-2.605048843977974
221.4406931400299,-7.4232357732888685,-2.6504433977158057
221.6283302307129,-7.44037815931879,-2.6889803906334757
221.81572198867798,-7.45641927075442,-2.7212599970654434
222.09600639343262,-7.470238913990333,-2.7648035304826175
222.28444862365723,-7.482840009903943,-2.796892449220927
222.47206044197083,-7.502980894566726,-2.8386049376899427
222.65964579582214,-7.529152713911828,-2.8798746458309075
222.8470311164856,-7.552106750389682,-2.9150965924142382
223.03448796272278,-7.574698065926851,-2.9457526893771773
223.22199726104736,-7.598075007734412,-2.9729771863886234
223.5024881362915,-7.622881434010548,-3.0074010484848444
223.69086003303528,-7.637486066082326,-3.0237342854520346
223.8782618045807,-7.649288577482367,-3.0390341823306373
224.06602478027344,-7.660731733256038,-3.0536484876112433
224.2532444000244,-7.671061678279496,-3.067192527434193
224.44079399108887,-7.6786687150318285,-3.078539173075783
224.62852334976196,-7.687156778394681,-3.0904718179374178
224.90868711471558,-7.6978470695693675,-3.103194853772456
225.09711384773254,-7.705586802658463,-3.1102481385574587
225.2846119403839,-7.715799138531839,-3.1182992560405727
225.47201991081238,-7.7252374237699035,-3.124244507924024
225.65953922271729,-7.735505183140785,-3.129045551197107
225.84716391563416,-7.747497484402259,-3.133184044029749
226.0345618724823,-7.757873455569354,-3.1407581633260033
226.31478476524353,-7.773140599083737,-3.1500988326436485
226.50338315963745,-7.7818644420878025,-3.1538935838221596
226.69076776504517,-7.7877758612767725,-3.1574843257951932
226.8784306049347,-7.791253728204523,-3.161547196704714
227.06578087806702,-7.794009370663422,-3.1662294927099435
227.25331783294678,-7.796839193823393,-3.1705603742551975
227.44079685211182,-7.797343597342439,-3.173583619487796
227.72210001945496,-7.800260781186038,-3.1757108991682697
227.90977358818054,-7.803506109259633,-3.1770346478817886
228.09705424308777,-7.8057409654297505,-3.176358531764638
228.2846336364746,-7.8108728339831845,-3.1761714990621663
228.47207236289978,-7.816918039503264,-3.175990134045172
228.65970754623413,-7.820244747002211,-3.1772338292687294
228.84715151786804,-7.826762514196469,-3.1788690164806073
229.12777376174927,-7.835435449207161,-3.1834594437541788
229.40860748291016,-7.841893412604573,-3.1825457172927916
229.59712767601013,-7.848257551130247,-3.1793672945654574
229.78473138809204,-7.85427885677917,-3.179776844599532
229.97226333618164,-7.859563224075126,-3.1785698676002223
230.15963864326477,-7.8635217184514685,-3.1787563564036887
230.44026827812195,-7.860672498044056,-3.1895694163311825
230.7212131023407,-7.860779845590106,-3.1887898962021035
230.90962648391724,-7.863674332242738,-3.188979304267177
231.09717965126038,-7.861475817397388,-3.1920505678099085
231.28467082977295,-7.862595006153828,-3.1907698624369445
231.47217535972595,-7.865738636007263,-3.1836176081439453
231.75269079208374,-7.86047542032888,-3.1776696655802796
232.03367447853088,-7.864756823228771,-3.166128269639188
232.22224020957947,-7.867706417163715,-3.159831485938367
232.40969705581665,-7.8703500012609044,-3.154664818924665
232.59834098815918,-7.874868139102651,-3.1513574135295666
232.78479075431824,-7.879920533717396,-3.1493570372258786
233.06528687477112,-7.884792201129393,-3.145861994753811
233.34642457962036,-7.891785552978326,-3.1435852923106635
233.5348699092865,-7.898346055000984,-3.1402279048195068
233.72232460975647,-7.903096345576768,-3.139401350945783
233.91213297843933,-7.904451683556268,-3.138570662824048
234.09714651107788,-7.907937566578011,-3.1352583744613742
234.3777687549591,-7.911576314908318,-3.128817823001812
234.6588110923767,-7.91994625235902,-3.1226738757262833
234.84725975990295,-7.921849561670679,-3.119220434663917
235.03467392921448,-7.923321580205073,-3.115363802627905
235.22233963012695,-7.925825862210569,-3.1112338091139016
235.40969347953796,-7.926503196587461,-3.106688167646408
235.69021677970886,-7.933006717340666,-3.0958080923989706
235.97121286392212,-7.936402156727486,-3.086117893881707
236.15983033180237,-7.938815421554446,-3.079902531188785
236.3472900390625,-7.941691363803873,-3.0758692786349635
236.53474593162537,-7.942833365864472,-3.0710014194669863
236.72233033180237,-7.943937944533809,-3.064646316543925
237.00280022621155,-7.948994805055653,-3.0591209940302746
237.28396129608154,-7.953106512200789,-3.054130669626251
237.47223019599915,-7.9561627281043625,-3.047935763958804
237.65978574752808,-7.956023019446651,-3.040634792068493
237.84742641448975,-7.957871615025803,-3.0331100682325354
238.03484773635864,-7.960455960041496,-3.026491727403661
238.31527948379517,-7.959635938592035,-3.015512783338438
238.59643530845642,-7.958679419041889,-3.0024599860540087
238.784832239151,-7.960829577484303,-2.9958980050971618
238.9722900390625,-7.960783119694979,-2.9879557675079575
239.15979623794556,-7.962233119790617,-2.9809861759965726
239.34728407859802,-7.965446754690025,-2.976402004423727
239.62786030769348,-7.968748323790158,-2.963335757851629
239.90880417823792,-7.973426204431809,-2.9582305804160147
240.0973184108734,-7.976135921502624,-2.9514847403986835
240.28499817848206,-7.97716971373658,-2.9470107664194685
240.4724476337433,-7.977596615937094,-2.9373634290305284
240.65993213653564,-7.978528610816273,-2.9306764177253246
240.94037222862244,-7.979582482283445,-2.9206569297511185
241.2214436531067,-7.975637833183387,-2.9123542053495233
241.4098207950592,-7.976043731180523,-2.903196507286611
241.59736919403076,-7.973428284960383,-2.9003564118421017
241.78477597236633,-7.970220402148889,-2.895751024980911
241.97236394882202,-7.966637041191325,-2.8911012756209424
242.25282168388367,-7.969320961649407,-2.879600850051868
242.53376722335815,-7.95853614446138,-2.862291138613761
242.7224817276001,-7.95628105639881,-2.849720511446118
242.90979957580566,-7.957082742565079,-2.84600694522183
243.09737157821655,-7.953150479124577,-2.833985098210013
243.28490090370178,-7.955469916713609,-2.8281844940817047
243.56588459014893,-7.957995219546802,-2.8153932768984555
243.8464343547821,-7.961170080415595,-2.8050939017964525
244.22121810913086,-7.964503474373812,-2.78983139747044
244.59628462791443,-7.967845103101766,-2.7764914144794752
244.97185111045837,-7.970921581593205,-2.764605427228249
245.34677052497864,-7.974027046663035,-2.7546628873411816
245.62800240516663,-7.976217386527301,-2.7463643885838014
245.90941858291626,-7.977359214579512,-2.735961756275825
246.09740471839905,-7.977690373258652,-2.7260958318501425
246.47201895713806,-7.978475020472981,-2.7121350383474017
246.84685707092285,-7.9808784515636395,-2.699747938453223
247.1306324005127,-7.9828221123462235,-2.68970994498306
247.4093532562256,-7.984040380475674,-2.6789902276818376
247.69139456748962,-7.985418696906953,-2.6673654738338954
248.0656976699829,-7.987586573630622,-2.6521990586826485
248.44055342674255,-7.98954571971436,-2.6381696434454156
248.72189736366272,-7.992221710723048,-2.6288818467755397
249.00313329696655,-7.996143527291535,-2.620619338462613
249.2843382358551,-8.001112169606778,-2.612955930621194
249.65953922271729,-8.007518854461669,-2.602104664512697
250.03426575660706,-8.010957760309529,-2.589064650103529
250.31576681137085,-8.011601722005507,-2.577644859007827
250.60038566589355,-8.01106149545788,-2.5653466191973955
250.87827968597412,-8.010581995364909,-2.5552285591712396
251.25317430496216,-8.010871371907974,-2.541203847325157
251.6279628276825,-8.013608639399468,-2.5282593847409123
251.9094593524933,-8.016953469342393,-2.519260466387143
252.1907148361206,-8.020645224047504,-2.51001453688154
252.471919298172,-8.023370843906303,-2.5000211856880385
252.84690070152283,-8.026316824491811,-2.486632628916298
253.22161269187927,-8.0293059924697,-2.473412718102829
253.50332975387573,-8.031642915150135,-2.463209327328077
253.7846360206604,-8.034485404819954,-2.453444838183004
254.06578421592712,-8.037487110074725,-2.4443364435129187
254.44068503379822,-8.040685425199865,-2.432437245769185
254.8154296875,-8.042971973680675,-2.419508393751655
255.09706687927246,-8.044263088245527,-2.409190103700515
255.3788788318634,-8.046134116104193,-2.3988302131784383
255.6595869064331,-8.048568932971333,-2.389873058458689
256.03456258773804,-8.052398756622239,-2.3773238537431873
256.409250497818,-8.056186849539616,-2.3650731314521383
256.6909728050232,-8.059205367131321,-2.3564643090591826
256.972101688385,-8.062167844024572,-2.348138150190188
257.2533242702484,-8.065230239343522,-2.3394376955379514
257.6282334327698,-8.069355060470638,-2.3277089973139895
258.0028417110443,-8.073663580403306,-2.3152941293791347
258.2846610546112,-8.07665943972714,-2.3046849784000236
258.5659158229828,-8.079471936338308,-2.2937462614063993
258.847216129303,-8.082257763166405,-2.2830071398826495
259.2219636440277,-8.085636326256433,-2.2701102328101284
259.59674763679504,-8.088639413859505,-2.2587166049290874
259.87871384620667,-8.090830604655036,-2.250382896244499
260.1596691608429,-8.093672006145827,-2.2417471885102254
260.44099283218384,-8.097143223879144,-2.2329345075377423
260.8157114982605,-8.102282632443954,-2.2207899410526135
261.1904172897339,-8.107641792606511,-2.2079163910091477
261.472243309021,-8.11143895126272,-2.1981061710016085
261.7534370422363,-8.114968450684657,-2.1882406319044074
262.0347800254822,-8.11820105430891,-2.178413243869358
262.4093358516693,-8.122457120459195,-2.1655359778719023
262.6909339427948,-8.125549601909496,-2.155140469689843
262.972199678421,-8.12863161077262,-2.144801976484149
263.25343918800354,-8.131915260871839,-2.134801843662147
263.53481364250183,-8.13511755223527,-2.1251159812084492
263.91327476501465,-8.140058432001602,-2.112645706325631
264.1908755302429,-8.144217321830233,-2.10364851407402
264.4721899032593,-8.1486272194372,-2.094913554733156
264.75372314453125,-8.153317063898491,-2.086237978468162
265.0348162651062,-8.157812077923719,-2.077187126730342
265.4093179702759,-8.163928238156144,-2.0646217368787223
265.6908881664276,-8.168413850498345,-2.0544565852609717
265.97237753868103,-8.17268492660334,-2.0439450103692436
266.25353813171387,-8.17665761795671,-2.033405808877631
266.5347294807434,-8.180605972283221,-2.0229003141488984
266.9092445373535,-8.185443260627476,-2.0088801054357344
267.1911554336548,-8.189263555622155,-1.998667206827463
267.47254943847656,-8.193265793420371,-1.9887662017437273
267.7537841796875,-8.197451330839886,-1.9791622377164366
268.0348629951477,-8.202166310946414,-1.9696400557253582
268.40924429893494,-8.208754535795245,-1.9570784617277799
268.69108986854553,-8.213088674105709,-1.9476907918516826
268.9723656177521,-8.216843560069716,-1.9381276746496061
269.25366258621216,-8.220426477425747,-1.9278921107289664
269.53486347198486,-8.22409015072281,-1.9171070346979568
269.90927171707153,-8.228941814674563,-1.9024924188361871
270.1911323070526,-8.232356559723613,-1.8910178650506855
270.4723172187805,-8.235857216590277,-1.8802070766030654
270.7536175251007,-8.23926875417064,-1.8695463696294752
271.03495502471924,-8.242803606813744,-1.8593700638020398
271.410523891449,-8.247325339994875,-1.8462806658647168
271.691282749176,-8.250887918313811,-1.8367473345382492
271.97238540649414,-8.254954751372766,-1.8273335900512815
272.2537045478821,-8.259251200428322,-1.8179850811785474
272.54055857658386,-8.263571097053044,-1.80853452146541
272.9093019962311,-8.268739561497915,-1.7959339011506457
273.1912531852722,-8.272348511871227,-1.7862955906569196
273.4725399017334,-8.27538236849281,-1.7763480676285697
273.75379633903503,-8.278076263331371,-1.7663454492618058
274.0348587036133,-8.28043079046886,-1.756286335368473
274.31602573394775,-8.282731959096877,-1.7461124661049614
274.5975122451782,-8.285497949643094,-1.7362055694358967
274.87862396240234,-8.2881686173058,-1.726516581849104
275.1598961353302,-8.29133952600142,-1.7168657556410076
275.4412281513214,-8.294698344741178,-1.707502219515035
275.7253396511078,-8.298262411149377,-1.6974287975755344
276.00368547439575,-8.300945876200654,-1.6893083879203372
276.28507018089294,-8.303792136837364,-1.6807895210888546
276.5662260055542,-8.306539333043695,-1.6728217410726822
276.84741735458374,-8.308982062814776,-1.6645363352327447
277.1286702156067,-8.31137952810568,-1.6562836229973943
277.4099819660187,-8.313459291074428,-1.6477733938782697
277.6912064552307,-8.315227202289444,-1.6389552665182878
277.97244095802307,-8.316669101239377,-1.6298427671519866
278.25393533706665,-8.31809190603396,-1.6201422209579377
278.53494000434875,-8.319164245031327,-1.6104125876505
278.8163981437683,-8.32045213388882,-1.6009305209313907
279.0976126194,-8.321937345635021,-1.5923271534690002
279.3787958621979,-8.323348035403459,-1.5845416923618056
279.6601345539093,-8.325259233412313,-1.5778429537758427
279.9412000179291,-8.327113676218627,-1.571674727160111
280.2225618362427,-8.328654757387664,-1.5653859393852845
280.5039074420929,-8.329889284272316,-1.5588104981987077
280.7850012779236,-8.330806993099895,-1.551477426386412
281.06645607948303,-8.331130075986477,-1.5436247559411957
281.347562789917,-8.331132967857632,-1.5358880808779216
281.62880873680115,-8.330815357480596,-1.528196535039155
281.91014409065247,-8.330472488201561,-1.52114105399044
282.1912941932678,-8.330373044545675,-1.5141216719350874
282.47264766693115,-8.330243303608588,-1.5073637159144584
282.7539732456207,-8.330064029299779,-1.5005035590525646
283.0351040363312,-8.33041419185978,-1.493806517701367
283.31647777557373,-8.331028872145358,-1.4874960508928339
283.5975351333618,-8.331374110838237,-1.482005112468189
283.87884521484375,-8.331435984733425,-1.4767996283655607
284.1601951122284,-8.331226588944192,-1.4719901641347857
284.4413323402405,-8.33100135823997,-1.4670559677705823
284.7227051258087,-8.330750139845307,-1.461936297232373
285.00387144088745,-8.3304292107767,-1.4560866745787913
285.28513860702515,-8.329235992515102,-1.4502468185222113
285.5664141178131,-8.327703660680688,-1.4441047968260337
285.8476266860962,-8.32584777582085,-1.4378506428264999
286.1294136047363,-8.32425549243449,-1.4317826528634172
286.41021251678467,-8.322700855478168,-1.4263313772486501
286.69148898124695,-8.321714850661154,-1.4211317510591097
286.97264194488525,-8.321059101125115,-1.4165426200244253
287.25393652915955,-8.320139587184553,-1.4122515512343143
287.5359854698181,-8.318641402353128,-1.407965021207391
287.81647276878357,-8.31716530518802,-1.4039371226068456
288.0976781845093,-8.314593641198938,-1.3980278178884966
288.37886452674866,-8.313747922502717,-1.3957178768133616
288.6602647304535,-8.312218904693397,-1.3916158757204093
288.9414131641388,-8.310931413334979,-1.3872682546055264
289.2227852344513,-8.309320813257653,-1.3827276992848412
289.5040407180786,-8.30735315737046,-1.3777183877733408
289.7853150367737,-8.30473015843577,-1.3721851520091957
290.06671929359436,-8.30179889718696,-1.3666337642091013
290.3477461338043,-8.298881798893174,-1.3613196279173674
290.6289165019989,-8.296023542521324,-1.35655718320023
290.9102122783661,-8.293500503668266,-1.3523092029703467
291.1915204524994,-8.291320909805044,-1.3485811358678843
291.47273993492126,-8.289444966661137,-1.3451006803201628
291.7544195652008,-8.287550928820435,-1.341629916578917
292.0353271961212,-8.285326983468382,-1.3379546058443752
292.3165545463562,-8.282809226691104,-1.3343392331759738
292.59775972366333,-8.279898250849095,-1.3301919328316625
292.87896394729614,-8.276921876506982,-1.3257799684210991
293.16025972366333,-8.27355382475424,-1.3208822968626006
293.4415798187256,-8.270109693218904,-1.3157142151290682
293.72271609306335,-8.266329135374987,-1.3101011567905214
294.0040633678436,-8.263196984009342,-1.3056966402001327
294.2853991985321,-8.260052712429944,-1.3010469898243122
294.56660437583923,-8.256937237798235,-1.29668954669876
294.84783148765564,-8.253512630820035,-1.292360506760322
295.12904620170593,-8.250129007345395,-1.288330643324971
295.4102966785431,-8.246726618546166,-1.2843212047957089
295.69152569770813,-8.243033723963883,-1.2803947475902537
295.97288513183594,-8.239336855230025,-1.2765320193164973
296.2541356086731,-8.235608024269284,-1.2726411401079105
296.53533029556274,-8.232135824073408,-1.2687020982354325
296.81666684150696,-8.228624892597587,-1.264726725425086
297.0978457927704,-8.22530085503797,-1.2604311812144007
297.37905645370483,-8.221883657623751,-1.255881451402955
297.6603512763977,-8.218388872391182,-1.2511239658685744
297.941698551178,-8.214527547911372,-1.2461854256302844
298.22285199165344,-8.210665392325792,-1.2413166335165422
298.50430822372437,-8.206850585991388,-1.2367239366863112
298.78552985191345,-8.203078886495694,-1.2323752342478496
299.0666391849518,-8.199172055729615,-1.228648979622642
299.347825050354,-8.195035804862462,-1.2252359168887634
299.62942600250244,-8.190613542164398,-1.2219170581349077
299.91040110588074,-8.181122523558548,-1.2158637434497213
300.1917221546173,-8.181115769794424,-1.2158591435298447
300.47297263145447,-8.176810778381146,-1.2125307883041787
300.75414776802063,-8.172512146261615,-1.2089534439659557
301.0355350971222,-8.168627954633674,-1.2049158018455943
301.3167164325714,-8.165175659442584,-1.2004596639252696
301.5978569984436,-8.161807168566524,-1.196320588072866
301.8792173862457,-8.158432325524924,-1.1922257731705983
302.16042828559875,-8.154514219289945,-1.188323420132698
302.4416527748108,-8.150051024266277,-1.1846131613795479
302.72305822372437,-8.145306616063422,-1.1810091097498248
303.00425934791565,-8.140269825892807,-1.177478744395277
303.28556180000305,-8.134931387921114,-1.174023266488466
303.566703081131,-8.129922859266959,-1.1707241333427019
303.8479697704315,-8.125078761579049,-1.1679637004760346
304.12927055358887,-8.120742813936511,-1.1650311456601774
304.411301612854,-8.116745413683326,-1.1623007357381407
304.6917543411255,-8.1129412677275,-1.159262358627836
304.972980260849,-8.108901264993893,-1.1557040934748326
305.25423645973206,-8.104748293893454,-1.151902758700601
305.53549337387085,-8.100464278992105,-1.147819885435778
305.81678676605225,-8.095907529104291,-1.1438583607911676
306.0979471206665,-8.091097326219852,-1.1400635672633284
306.3792564868927,-8.085747173810043,-1.136502758120408
306.6606431007385,-8.08009418746282,-1.1330300554470027
